{
  "/AligF": {
    "min": 0,
    "max": 10,
    "value": 0.5
  },
  "/CoheF": {
    "min": 0,
    "max": 10,
    "value": 2
  },
  "/Sep": {
    "min": 0,
    "max": 150,
    "value": 10.000000953674316
  },
  "/SepF": {
    "min": 0,
    "max": 10,
    "value": 10
  },
  "/Alig": {
    "min": 0,
    "max": 150,
    "value": 40.000003814697266
  },
  "/Cohe": {
    "min": 0,
    "max": 150,
    "value": 80.00000762939453
  }
}